100,0.1 , 3.49395799637,199
100,0.1 , 6.97867298126,199
100,0.1 , 10.480755806,199
Average time : 100,0.1 , 3.49358526866
110,0.1 , 5.02348089218,219
110,0.1 , 10.5943107605,0
110,0.1 , 10.5989358425,0
Average time : 110,0.1 , 3.53297861417
120,0.1 , 7.69590711594,239
120,0.1 , 15.307238102,239
120,0.1 , 23.2838540077,0
Average time : 120,0.1 , 7.76128466924
130,0.1 , 10.5670509338,259
130,0.1 , 21.4979858398,259
130,0.1 , 31.8758568764,259
Average time : 130,0.1 , 10.6252856255
140,0.1 , 15.6163740158,279
140,0.1 , 29.7715849876,279
140,0.1 , 44.1214179993,279
Average time : 140,0.1 , 14.7071393331
150,0.1 , 20.6938889027,299
150,0.1 , 40.3645679951,299
150,0.1 , 60.3359370232,299
Average time : 150,0.1 , 20.1119790077
160,0.1 , 27.054954052,319
160,0.1 , 51.6834249496,319
160,0.1 , 75.6388571262,319
Average time : 160,0.1 , 25.2129523754
170,0.1 , 32.8256449699,339
170,0.1 , 66.8044168949,339
170,0.1 , 102.30251503,339
Average time : 170,0.1 , 34.1008383433
180,0.1 , 44.4985370636,359
180,0.1 , 90.170550108,359
180,0.1 , 145.686569214,359
Average time : 180,0.1 , 48.562189738
190,0.1 , 53.317373991,379
190,0.1 , 100.852493048,379
190,0.1 , 146.874047041,379
Average time : 190,0.1 , 48.9580156803
200,0.1 , 61.9839448929,399
200,0.1 , 133.57276392,399
200,0.1 , 232.081610918,399
Average time : 200,0.1 , 77.3605369727
100,0.2 , 2.38483095169,201
100,0.2 , 4.70568704605,199
100,0.2 , 6.9964261055,199
Average time : 100,0.2 , 2.33214203517
110,0.2 , 4.37697696686,0
110,0.2 , 7.8894109726,219
110,0.2 , 11.6520838737,219
Average time : 110,0.2 , 3.88402795792
120,0.2 , 5.05049109459,239
120,0.2 , 10.3168001175,239
120,0.2 , 15.7467529774,239
Average time : 120,0.2 , 5.24891765912
130,0.2 , 8.55221295357,259
130,0.2 , 15.6912128925,261
130,0.2 , 23.2517638206,259
Average time : 130,0.2 , 7.75058794022
140,0.2 , 0.00808906555176,0
140,0.2 , 10.0764551163,279
140,0.2 , 19.9562041759,279
Average time : 140,0.2 , 6.65206805865
150,0.2 , 14.2024109364,299
150,0.2 , 28.0328040123,299
150,0.2 , 42.1801378727,299
Average time : 150,0.2 , 14.0600459576
160,0.2 , 14.8438489437,319
160,0.2 , 29.1163110733,319
160,0.2 , 29.1254630089,0
Average time : 160,0.2 , 9.70848766963
170,0.2 , 18.6011898518,339
170,0.2 , 36.8576786518,339
170,0.2 , 54.9515485764,339
Average time : 170,0.2 , 18.3171828588
180,0.2 , 22.8713760376,359
180,0.2 , 49.943500042,359
180,0.2 , 72.5947010517,359
Average time : 180,0.2 , 24.1982336839
190,0.2 , 29.8823308945,379
190,0.2 , 69.0117118359,0
190,0.2 , 69.024491787,0
Average time : 190,0.2 , 23.008163929
200,0.2 , 36.3557288647,399
200,0.2 , 71.712802887,399
200,0.2 , 106.914407969,399
Average time : 200,0.2 , 35.6381359895
210,0.2 , 44.00364995,419
210,0.2 , 44.0192611217,0
210,0.2 , 109.734645128,419
Average time : 210,0.2 , 36.5782150428
220,0.2 , 83.1315360069,439
220,0.2 , 182.926945925,439
220,0.2 , 182.94629693,0
Average time : 220,0.2 , 60.9820989768
100,0.3 , 1.26276612282,203
100,0.3 , 2.49500608444,201
100,0.3 , 2.49867105484,0
Average time : 100,0.3 , 0.832890351613
110,0.3 , 1.87499904633,227
110,0.3 , 3.72172403336,221
110,0.3 , 3.72676515579,0
Average time : 110,0.3 , 1.24225505193
120,0.3 , 0.00569009780884,0
120,0.3 , 2.21213388443,241
120,0.3 , 2.21788287163,0
Average time : 120,0.3 , 0.739294290543
130,0.3 , 3.38576102257,261
130,0.3 , 7.25238800049,265
130,0.3 , 7.25901198387,0
Average time : 130,0.3 , 2.41967066129
140,0.3 , 6.02309417725,283
140,0.3 , 13.6704761982,0
140,0.3 , 18.879278183,279
Average time : 140,0.3 , 6.29309272766
150,0.3 , 0.00902009010315,0
150,0.3 , 7.6299071312,305
150,0.3 , 7.63902020454,0
Average time : 150,0.3 , 2.54634006818
160,0.3 , 0.0110669136047,0
160,0.3 , 0.0214369297028,0
160,0.3 , 0.0319759845734,0
Average time : 160,0.3 , 0.0106586615245
170,0.3 , 14.2031569481,343
170,0.3 , 27.2400019169,341
170,0.3 , 40.57178092,339
Average time : 170,0.3 , 13.5239269733
180,0.3 , 18.4330048561,361
180,0.3 , 34.858910799,363
180,0.3 , 53.5991725922,361
Average time : 180,0.3 , 17.8663908641
190,0.3 , 30.4964609146,0
190,0.3 , 63.8783979416,0
190,0.3 , 89.21220994,0
Average time : 190,0.3 , 29.7374033133
200,0.3 , 25.5202560425,0
200,0.3 , 47.8285028934,401
200,0.3 , 87.5201308727,0
Average time : 200,0.3 , 29.1733769576
210,0.3 , 30.0349159241,419
210,0.3 , 67.9114239216,423
210,0.3 , 114.05527091,0
Average time : 210,0.3 , 38.0184236368
220,0.3 , 0.0197241306305,0
220,0.3 , 56.3769080639,0
220,0.3 , 56.3972489834,0
Average time : 220,0.3 , 18.7990829945
230,0.3 , 44.3628149033,459
230,0.3 , 44.384169817,0
230,0.3 , 86.9705517292,461
Average time : 230,0.3 , 28.9901839097
240,0.3 , 52.6711909771,483
240,0.3 , 126.656979084,0
240,0.3 , 126.678338051,0
Average time : 240,0.3 , 42.2261126836
250,0.3 , 0.0236978530884,0
250,0.3 , 0.0487129688263,0
250,0.3 , 61.4870400429,507
Average time : 250,0.3 , 20.4956800143
260,0.3 , 118.85293889,0
260,0.3 , 179.777615786,523
260,0.3 , 179.801734924,0
Average time : 260,0.3 , 59.9339116414
270,0.3 , 105.996675968,0
270,0.3 , 176.069619894,539
270,0.3 , 247.641183853,553
Average time : 270,0.3 , 82.5470612844
100,0.4 , 0.00386905670166,0
100,0.4 , 0.00752305984497,0
100,0.4 , 0.353038072586,0
Average time : 100,0.4 , 0.117679357529
110,0.4 , 0.004558801651,0
110,0.4 , 0.00892972946167,0
110,0.4 , 0.0138096809387,0
Average time : 110,0.4 , 0.00460322697957
120,0.4 , 0.00778698921204,0
120,0.4 , 0.0136649608612,0
120,0.4 , 1.42474985123,0
Average time : 120,0.4 , 0.474916617076
130,0.4 , 0.00867819786072,0
130,0.4 , 0.0147092342377,0
130,0.4 , 1.02630114555,0
Average time : 130,0.4 , 0.342100381851
140,0.4 , 1.82176613808,0
140,0.4 , 3.11931920052,351
140,0.4 , 3.12647724152,0
Average time : 140,0.4 , 1.04215908051
150,0.4 , 0.00841999053955,0
150,0.4 , 1.35969805717,0
150,0.4 , 1.36925792694,0
Average time : 150,0.4 , 0.45641930898
160,0.4 , 0.00957894325256,0
160,0.4 , 0.0217018127441,0
160,0.4 , 0.0312628746033,0
Average time : 160,0.4 , 0.0104209582011
170,0.4 , 0.0986380577087,0
170,0.4 , 0.109163999557,0
170,0.4 , 0.119464874268,0
Average time : 170,0.4 , 0.0398216247559
180,0.4 , 5.55032205582,0
180,0.4 , 5.5617389679,0
180,0.4 , 5.5731139183,0
Average time : 180,0.4 , 1.85770463943
190,0.4 , 0.0127918720245,0
190,0.4 , 0.0253958702087,0
190,0.4 , 0.0379829406738,0
Average time : 190,0.4 , 0.0126609802246
200,0.4 , 0.029550075531,0
200,0.4 , 0.0795850753784,0
200,0.4 , 0.0937280654907,0
Average time : 200,0.4 , 0.0312426884969
210,0.4 , 0.0155920982361,0
210,0.4 , 0.0310680866241,0
210,0.4 , 0.0472040176392,0
Average time : 210,0.4 , 0.0157346725464
220,0.4 , 0.0170519351959,0
220,0.4 , 15.3773739338,0
220,0.4 , 24.9209909439,0
Average time : 220,0.4 , 8.3069969813
230,0.4 , 16.611686945,0
230,0.4 , 16.6319909096,0
230,0.4 , 16.6529998779,0
Average time : 230,0.4 , 5.55099995931
240,0.4 , 0.022166967392,0
240,0.4 , 0.0441689491272,0
240,0.4 , 0.0660409927368,0
Average time : 240,0.4 , 0.0220136642456
250,0.4 , 0.0217690467834,0
250,0.4 , 0.0435588359833,0
250,0.4 , 0.0681118965149,0
Average time : 250,0.4 , 0.022703965505
260,0.4 , 0.0239760875702,0
260,0.4 , 0.0480229854584,0
260,0.4 , 0.071583032608,0
Average time : 260,0.4 , 0.0238610108693
270,0.4 , 27.855809927,0
270,0.4 , 37.2428278923,0
270,0.4 , 37.2683639526,0
Average time : 270,0.4 , 12.4227879842
280,0.4 , 0.0275390148163,0
280,0.4 , 0.0567569732666,0
280,0.4 , 0.0849869251251,0
Average time : 280,0.4 , 0.0283289750417
290,0.4 , 0.0312700271606,0
290,0.4 , 51.1956989765,0
290,0.4 , 51.2274229527,0
Average time : 290,0.4 , 17.0758076509
300,0.4 , 48.5731129646,0
300,0.4 , 48.6046788692,0
300,0.4 , 48.8162586689,0
Average time : 300,0.4 , 16.272086223
310,0.4 , 0.0355410575867,0
310,0.4 , 0.0695421695709,0
310,0.4 , 66.7926161289,0
Average time : 310,0.4 , 22.2642053763
320,0.4 , 82.1425070763,0
320,0.4 , 82.1803600788,0
320,0.4 , 82.2210481167,0
Average time : 320,0.4 , 27.4070160389
330,0.4 , 0.0405850410461,0
330,0.4 , 49.9458830357,0
330,0.4 , 49.9946320057,0
Average time : 330,0.4 , 16.6648773352
340,0.4 , 0.0438549518585,0
340,0.4 , 0.0880000591278,0
340,0.4 , 0.1318359375,0
Average time : 340,0.4 , 0.0439453125
350,0.4 , 0.0528810024261,0
350,0.4 , 0.156517028809,0
350,0.4 , 0.2040579319,0
Average time : 350,0.4 , 0.0680193106333
360,0.4 , 0.0493121147156,0
360,0.4 , 0.100003242493,0
360,0.4 , 0.149817228317,0
Average time : 360,0.4 , 0.0499390761058
370,0.4 , 0.0553350448608,0
370,0.4 , 0.108765125275,0
370,0.4 , 0.160890102386,0
Average time : 370,0.4 , 0.0536300341288
380,0.4 , 0.0549070835114,0
380,0.4 , 0.111195087433,0
380,0.4 , 0.166773080826,0
Average time : 380,0.4 , 0.0555910269419
390,0.4 , 0.0595369338989,0
390,0.4 , 0.11656999588,0
390,0.4 , 0.174176931381,0
Average time : 390,0.4 , 0.0580589771271
400,0.4 , 0.0600872039795,0
400,0.4 , 0.121048212051,0
400,0.4 , 0.182012319565,0
Average time : 400,0.4 , 0.0606707731883
410,0.4 , 0.0638201236725,0
410,0.4 , 0.127006292343,0
410,0.4 , 0.191367387772,0
Average time : 410,0.4 , 0.0637891292572
420,0.4 , 0.0681359767914,0
420,0.4 , 0.139964103699,0
420,0.4 , 0.211796045303,0
Average time : 420,0.4 , 0.0705986817678
430,0.4 , 0.0743842124939,0
430,0.4 , 0.145448207855,0
430,0.4 , 0.217635154724,0
Average time : 430,0.4 , 0.0725450515747
440,0.4 , 0.0762600898743,0
440,0.4 , 0.153912067413,0
440,0.4 , 471.398492098,0
Average time : 440,0.4 , 157.132830699
100,0.5 , 0.00370693206787,0
100,0.5 , 0.00726985931396,0
100,0.5 , 0.0109248161316,0
Average time : 100,0.5 , 0.0036416053772
110,0.5 , 0.00432395935059,0
110,0.5 , 0.00861406326294,0
110,0.5 , 0.0130591392517,0
Average time : 110,0.5 , 0.00435304641724
120,0.5 , 0.00501585006714,0
120,0.5 , 0.0102977752686,0
120,0.5 , 0.0153057575226,0
Average time : 120,0.5 , 0.00510191917419
130,0.5 , 0.00603795051575,0
130,0.5 , 0.0119729042053,0
130,0.5 , 0.0180339813232,0
Average time : 130,0.5 , 0.00601132710775
140,0.5 , 0.00683689117432,0
140,0.5 , 0.014016866684,0
140,0.5 , 0.0208389759064,0
Average time : 140,0.5 , 0.00694632530212
150,0.5 , 0.00804090499878,0
150,0.5 , 0.0161197185516,0
150,0.5 , 0.0239586830139,0
Average time : 150,0.5 , 0.00798622767131
160,0.5 , 0.00903797149658,0
160,0.5 , 0.0181939601898,0
160,0.5 , 0.0280389785767,0
Average time : 160,0.5 , 0.00934632619222
170,0.5 , 0.0102639198303,0
170,0.5 , 0.0206828117371,0
170,0.5 , 0.0308918952942,0
Average time : 170,0.5 , 0.0102972984314
180,0.5 , 0.0116188526154,0
180,0.5 , 0.0230917930603,0
180,0.5 , 0.0346586704254,0
Average time : 180,0.5 , 0.0115528901418
190,0.5 , 0.0127170085907,0
190,0.5 , 0.0268490314484,0
190,0.5 , 0.0408220291138,0
Average time : 190,0.5 , 0.0136073430379
200,0.5 , 0.0155589580536,0
200,0.5 , 0.0305299758911,0
200,0.5 , 0.0446379184723,0
Average time : 200,0.5 , 0.0148793061574
210,0.5 , 0.0155611038208,0
210,0.5 , 0.0333321094513,0
210,0.5 , 0.0507442951202,0
Average time : 210,0.5 , 0.0169147650401
220,0.5 , 0.0174329280853,0
220,0.5 , 0.0345039367676,0
220,0.5 , 0.0515470504761,0
Average time : 220,0.5 , 0.0171823501587
230,0.5 , 0.0185558795929,0
230,0.5 , 0.0372738838196,0
230,0.5 , 0.0557947158813,0
Average time : 230,0.5 , 0.0185982386271
240,0.5 , 0.0203847885132,0
240,0.5 , 0.040647983551,0
240,0.5 , 0.0608789920807,0
Average time : 240,0.5 , 0.0202929973602
250,0.5 , 0.0219438076019,0
250,0.5 , 0.0438706874847,0
250,0.5 , 0.0657525062561,0
Average time : 250,0.5 , 0.0219175020854
260,0.5 , 0.0237879753113,0
260,0.5 , 0.0473408699036,0
260,0.5 , 0.0709857940674,0
Average time : 260,0.5 , 0.0236619313558
270,0.5 , 0.025848865509,0
270,0.5 , 0.0515348911285,0
270,0.5 , 0.0777978897095,0
Average time : 270,0.5 , 0.0259326299032
280,0.5 , 0.0276758670807,0
280,0.5 , 0.0551807880402,0
280,0.5 , 0.0828237533569,0
Average time : 280,0.5 , 0.0276079177856
290,0.5 , 0.0300061702728,0
290,0.5 , 0.0601201057434,0
290,0.5 , 0.0898690223694,0
Average time : 290,0.5 , 0.0299563407898
300,0.5 , 0.0340919494629,0
300,0.5 , 0.0661590099335,0
300,0.5 , 0.0980818271637,0
Average time : 300,0.5 , 0.0326939423879
310,0.5 , 0.0338079929352,0
310,0.5 , 0.068009853363,0
310,0.5 , 0.102104663849,0
Average time : 310,0.5 , 0.0340348879496
320,0.5 , 0.0360519886017,0
320,0.5 , 0.0724530220032,0
320,0.5 , 0.1088950634,0
Average time : 320,0.5 , 0.0362983544668
330,0.5 , 0.0397329330444,0
330,0.5 , 0.0799219608307,0
330,0.5 , 0.121265888214,0
Average time : 330,0.5 , 0.040421962738
340,0.5 , 0.0419290065765,0
340,0.5 , 0.0825579166412,0
340,0.5 , 0.123997926712,0
Average time : 340,0.5 , 0.0413326422373
350,0.5 , 0.0444331169128,0
350,0.5 , 0.0898470878601,0
350,0.5 , 0.133332967758,0
Average time : 350,0.5 , 0.0444443225861
360,0.5 , 0.0455539226532,0
360,0.5 , 0.0918710231781,0
360,0.5 , 0.138221025467,0
Average time : 360,0.5 , 0.0460736751556
370,0.5 , 0.0484108924866,0
370,0.5 , 0.0965728759766,0
370,0.5 , 0.145015954971,0
Average time : 370,0.5 , 0.0483386516571
380,0.5 , 0.0509569644928,0
380,0.5 , 0.101809978485,0
380,0.5 , 0.152856826782,0
Average time : 380,0.5 , 0.0509522755941
390,0.5 , 0.0547020435333,0
390,0.5 , 0.109488010406,0
390,0.5 , 0.17102599144,0
Average time : 390,0.5 , 0.0570086638133
400,0.5 , 0.0592238903046,0
400,0.5 , 0.121388912201,0
400,0.5 , 0.181559085846,0
Average time : 400,0.5 , 0.060519695282
410,0.5 , 0.0613250732422,0
410,0.5 , 0.123277187347,0
410,0.5 , 0.186830282211,0
Average time : 410,0.5 , 0.0622767607371
420,0.5 , 0.06547498703,0
420,0.5 , 0.127711057663,0
420,0.5 , 0.192939996719,0
Average time : 420,0.5 , 0.0643133322398
430,0.5 , 0.0749878883362,0
430,0.5 , 0.141139745712,0
430,0.5 , 0.208757638931,0
Average time : 430,0.5 , 0.0695858796438
440,0.5 , 0.0685398578644,0
440,0.5 , 0.136834859848,0
440,0.5 , 0.205350875854,0
Average time : 440,0.5 , 0.0684502919515
450,0.5 , 0.0724830627441,0
450,0.5 , 0.14718914032,0
450,0.5 , 0.221996068954,0
Average time : 450,0.5 , 0.0739986896515
460,0.5 , 0.0745811462402,0
460,0.5 , 0.149548053741,0
460,0.5 , 0.223802089691,0
Average time : 460,0.5 , 0.0746006965637
470,0.5 , 0.0783059597015,0
470,0.5 , 0.156846046448,0
470,0.5 , 0.235538005829,0
Average time : 470,0.5 , 0.0785126686096
480,0.5 , 0.082554101944,0
480,0.5 , 0.166268110275,0
480,0.5 , 0.247532129288,0
Average time : 480,0.5 , 0.0825107097626
490,0.5 , 0.0847749710083,0
490,0.5 , 0.171805858612,0
490,0.5 , 0.260418891907,0
Average time : 490,0.5 , 0.0868062973022
500,0.5 , 0.0881571769714,0
500,0.5 , 0.178750038147,0
500,0.5 , 0.267602920532,0
Average time : 500,0.5 , 0.0892009735107
510,0.5 , 0.0922710895538,0
510,0.5 , 0.186742067337,0
510,0.5 , 0.279813051224,0
Average time : 510,0.5 , 0.0932710170746
520,0.5 , 0.0950529575348,0
520,0.5 , 0.190783977509,0
520,0.5 , 0.289724826813,0
Average time : 520,0.5 , 0.0965749422709
530,0.5 , 0.105353116989,0
530,0.5 , 0.208837270737,0
530,0.5 , 0.308230161667,0
Average time : 530,0.5 , 0.102743387222
540,0.5 , 0.104089021683,0
540,0.5 , 0.21021604538,0
540,0.5 , 0.317568063736,0
Average time : 540,0.5 , 0.105856021245
550,0.5 , 0.107753038406,0
550,0.5 , 0.22699713707,0
550,0.5 , 0.344559192657,0
Average time : 550,0.5 , 0.114853064219
560,0.5 , 0.122995138168,0
560,0.5 , 0.239037036896,0
560,0.5 , 0.350198030472,0
Average time : 560,0.5 , 0.116732676824
570,0.5 , 0.114177942276,0
570,0.5 , 0.228600025177,0
570,0.5 , 0.343428134918,0
Average time : 570,0.5 , 0.114476044973
580,0.5 , 0.121571063995,0
580,0.5 , 0.24068403244,0
580,0.5 , 0.359837055206,0
Average time : 580,0.5 , 0.119945685069
590,0.5 , 0.137333869934,0
590,0.5 , 0.264341831207,0
590,0.5 , 0.390046834946,0
Average time : 590,0.5 , 0.130015611649
600,0.5 , 0.127064943314,0
600,0.5 , 0.254977941513,0
600,0.5 , 0.382255077362,0
Average time : 600,0.5 , 0.127418359121
610,0.5 , 0.133144855499,0
610,0.5 , 0.266857862473,0
610,0.5 , 0.401996850967,0
Average time : 610,0.5 , 0.133998950322
620,0.5 , 0.135368108749,0
620,0.5 , 0.270838022232,0
620,0.5 , 0.408660173416,0
Average time : 620,0.5 , 0.136220057805
630,0.5 , 0.140158176422,0
630,0.5 , 0.316067218781,0
630,0.5 , 0.470765352249,0
Average time : 630,0.5 , 0.156921784083
640,0.5 , 0.151000976562,0
640,0.5 , 0.295897960663,0
640,0.5 , 0.439572095871,0
Average time : 640,0.5 , 0.146524031957
650,0.5 , 0.149808168411,0
650,0.5 , 0.30303812027,0
650,0.5 , 0.452132225037,0
Average time : 650,0.5 , 0.150710741679
660,0.5 , 0.160959005356,0
660,0.5 , 0.316078901291,0
660,0.5 , 0.472346782684,0
Average time : 660,0.5 , 0.157448927561
670,0.5 , 0.158663034439,0
670,0.5 , 0.317080974579,0
670,0.5 , 0.476866006851,0
Average time : 670,0.5 , 0.158955335617
680,0.5 , 0.166897058487,0
680,0.5 , 0.333697080612,0
680,0.5 , 0.496021032333,0
Average time : 680,0.5 , 0.165340344111
690,0.5 , 0.174161911011,0
690,0.5 , 0.343394041061,0
690,0.5 , 0.536851167679,0
Average time : 690,0.5 , 0.178950389226
700,0.5 , 0.179230928421,0
700,0.5 , 0.370555877686,0
700,0.5 , 0.543254852295,0
Average time : 700,0.5 , 0.181084950765
710,0.5 , 0.177856206894,0
710,0.5 , 0.356914043427,0
710,0.5 , 0.53647518158,0
Average time : 710,0.5 , 0.178825060527
720,0.5 , 0.194082975388,0
720,0.5 , 0.381806135178,0
720,0.5 , 0.566481113434,0
Average time : 720,0.5 , 0.188827037811
730,0.5 , 0.189183950424,0
730,0.5 , 0.385365962982,0
730,0.5 , 0.58208990097,0
Average time : 730,0.5 , 0.19402996699
740,0.5 , 0.196882009506,0
740,0.5 , 0.398396968842,0
740,0.5 , 0.593132972717,0
Average time : 740,0.5 , 0.197710990906
750,0.5 , 0.196821928024,0
750,0.5 , 0.403039932251,0
750,0.5 , 0.600147008896,0
Average time : 750,0.5 , 0.200049002965
760,0.5 , 0.203942060471,0
760,0.5 , 0.414506912231,0
760,0.5 , 0.619127988815,0
Average time : 760,0.5 , 0.206375996272
770,0.5 , 0.213562965393,0
770,0.5 , 0.430262804031,0
770,0.5 , 0.639901638031,0
Average time : 770,0.5 , 0.21330054601
780,0.5 , 0.220796823502,0
780,0.5 , 0.445301771164,0
780,0.5 , 0.670792818069,0
Average time : 780,0.5 , 0.223597606023
790,0.5 , 0.225175142288,0
790,0.5 , 0.447406053543,0
790,0.5 , 0.670652151108,0
Average time : 790,0.5 , 0.223550717036
800,0.5 , 0.238412857056,0
800,0.5 , 0.465438842773,0
800,0.5 , 0.693928003311,0
Average time : 800,0.5 , 0.231309334437
810,0.5 , 0.236927986145,0
810,0.5 , 0.475451946259,0
810,0.5 , 0.710284948349,0
Average time : 810,0.5 , 0.23676164945
820,0.5 , 0.240271091461,0
820,0.5 , 0.478210926056,0
820,0.5 , 0.725151062012,0
Average time : 820,0.5 , 0.241717020671
830,0.5 , 0.24821805954,0
830,0.5 , 0.494719982147,0
830,0.5 , 0.739877939224,0
Average time : 830,0.5 , 0.246625979741
840,0.5 , 0.25630903244,0
840,0.5 , 0.51259803772,0
840,0.5 , 0.762729167938,0
Average time : 840,0.5 , 0.254243055979
850,0.5 , 0.260076999664,0
850,0.5 , 0.528748989105,0
850,0.5 , 0.806663036346,0
Average time : 850,0.5 , 0.268887678782
860,0.5 , 0.284617185593,0
860,0.5 , 0.556621313095,0
860,0.5 , 0.844563245773,0
Average time : 860,0.5 , 0.281521081924
870,0.5 , 0.284866094589,0
870,0.5 , 0.566587924957,0
870,0.5 , 0.843233823776,0
Average time : 870,0.5 , 0.281077941259
880,0.5 , 0.280810117722,0
880,0.5 , 0.556980133057,0
880,0.5 , 0.835759162903,0
Average time : 880,0.5 , 0.278586387634
890,0.5 , 0.290214061737,0
890,0.5 , 0.579231977463,0
890,0.5 , 0.867285966873,0
Average time : 890,0.5 , 0.289095322291
900,0.5 , 0.293833017349,0
900,0.5 , 0.590366840363,0
900,0.5 , 0.885660886765,0
Average time : 900,0.5 , 0.295220295588
910,0.5 , 0.302371025085,0
910,0.5 , 0.604597091675,0
910,0.5 , 0.906321048737,0
Average time : 910,0.5 , 0.302107016246
920,0.5 , 0.306258201599,0
920,0.5 , 0.614500284195,0
920,0.5 , 0.926497220993,0
Average time : 920,0.5 , 0.308832406998
930,0.5 , 0.334984064102,0
930,0.5 , 0.672165870667,0
930,0.5 , 0.988177776337,0
Average time : 930,0.5 , 0.329392592112
940,0.5 , 0.337607145309,0
940,0.5 , 0.66569519043,0
940,0.5 , 0.990190267563,0
Average time : 940,0.5 , 0.330063422521
950,0.5 , 0.33035492897,0
950,0.5 , 0.662852048874,0
950,0.5 , 0.991009235382,0
Average time : 950,0.5 , 0.330336411794
960,0.5 , 0.336219072342,0
960,0.5 , 0.678199052811,0
960,0.5 , 1.03228497505,0
Average time : 960,0.5 , 0.344094991684
970,0.5 , 0.336880922318,0
970,0.5 , 0.697729825974,0
970,0.5 , 1.04978084564,0
Average time : 970,0.5 , 0.349926948547
980,0.5 , 0.350151777267,0
980,0.5 , 0.730818748474,0
980,0.5 , 1.09163784981,0
Average time : 980,0.5 , 0.363879283269
990,0.5 , 0.384546041489,0
990,0.5 , 0.753685235977,0
990,0.5 , 1.15449333191,0
Average time : 990,0.5 , 0.384831110636
1000,0.5 , 0.470402956009,0
1000,0.5 , 0.87869811058,0
1000,0.5 , 1.28749012947,0
Average time : 1000,0.5 , 0.42916337649
1010,0.5 , 0.42147397995,0
1010,0.5 , 0.836884021759,0
1010,0.5 , 1.2505171299,0
Average time : 1010,0.5 , 0.416839043299
1020,0.5 , 0.458578824997,0
1020,0.5 , 0.878673791885,0
1020,0.5 , 1.28383088112,0
Average time : 1020,0.5 , 0.42794362704
1030,0.5 , 0.41622209549,0
1030,0.5 , 0.83012008667,0
1030,0.5 , 1.24522995949,0
Average time : 1030,0.5 , 0.415076653163
1040,0.5 , 0.427634000778,0
1040,0.5 , 0.86347079277,0
1040,0.5 , 1.29612278938,0
Average time : 1040,0.5 , 0.432040929794
1050,0.5 , 0.429816007614,0
1050,0.5 , 0.855674028397,0
1050,0.5 , 1.2833750248,0
Average time : 1050,0.5 , 0.427791674932
1060,0.5 , 0.429939985275,0
1060,0.5 , 0.866446018219,0
1060,0.5 , 1.30284309387,0
Average time : 1060,0.5 , 0.434281031291
1070,0.5 , 0.47199010849,0
1070,0.5 , 0.912182092667,0
1070,0.5 , 1.35474205017,0
Average time : 1070,0.5 , 0.45158068339
1080,0.5 , 0.460901975632,0
1080,0.5 , 0.911813020706,0
1080,0.5 , 1.37220406532,0
Average time : 1080,0.5 , 0.457401355108
1090,0.5 , 0.462764024734,0
1090,0.5 , 0.936460971832,0
1090,0.5 , 1.39865684509,0
Average time : 1090,0.5 , 0.466218948364
1100,0.5 , 0.481657028198,0
1100,0.5 , 0.958412885666,0
1100,0.5 , 1.46604371071,0
Average time : 1100,0.5 , 0.488681236903
1110,0.5 , 0.561290979385,0
1110,0.5 , 1.09810209274,0
1110,0.5 , 1.58526611328,0
Average time : 1110,0.5 , 0.52842203776
1120,0.5 , 0.525994062424,0
1120,0.5 , 1.05116701126,0
1120,0.5 , 1.56305813789,0
Average time : 1120,0.5 , 0.521019379298
1130,0.5 , 0.530399084091,0
1130,0.5 , 1.10177016258,0
1130,0.5 , 1.68092012405,0
Average time : 1130,0.5 , 0.560306708018
1140,0.5 , 0.639894962311,0
1140,0.5 , 1.21675300598,0
1140,0.5 , 1.81083512306,0
Average time : 1140,0.5 , 0.603611707687
1150,0.5 , 0.573698043823,0
1150,0.5 , 1.16284513474,0
1150,0.5 , 1.70188117027,0
Average time : 1150,0.5 , 0.567293723424
1160,0.5 , 0.551868915558,0
1160,0.5 , 1.12586593628,0
1160,0.5 , 1.68020486832,0
Average time : 1160,0.5 , 0.560068289439
1170,0.5 , 0.534099817276,0
1170,0.5 , 1.08631491661,0
1170,0.5 , 1.61572694778,0
Average time : 1170,0.5 , 0.538575649261
1180,0.5 , 0.54422712326,0
1180,0.5 , 1.07259607315,0
1180,0.5 , 1.67177700996,0
Average time : 1180,0.5 , 0.557259003321
1190,0.5 , 0.61283493042,0
1190,0.5 , 1.17022395134,0
1190,0.5 , 1.68060398102,0
Average time : 1190,0.5 , 0.560201327006
1200,0.5 , 0.511739015579,0
1200,0.5 , 1.03098917007,0
1200,0.5 , 1.5665602684,0
Average time : 1200,0.5 , 0.522186756134
1210,0.5 , 0.557927131653,0
1210,0.5 , 1.08158397675,0
1210,0.5 , 1.62971591949,0
Average time : 1210,0.5 , 0.543238639832
1220,0.5 , 0.591946125031,0
1220,0.5 , 1.19924116135,0
1220,0.5 , 1.81850910187,0
Average time : 1220,0.5 , 0.606169700623
1230,0.5 , 0.61697602272,0
1230,0.5 , 1.27425599098,0
1230,0.5 , 1.89290189743,0
Average time : 1230,0.5 , 0.630967299143
1240,0.5 , 0.605023145676,0
1240,0.5 , 1.19670724869,0
1240,0.5 , 1.7851164341,0
Average time : 1240,0.5 , 0.595038811366
1250,0.5 , 0.601002931595,0
1250,0.5 , 1.20254707336,0
1250,0.5 , 1.80851221085,0
Average time : 1250,0.5 , 0.602837403615
1260,0.5 , 0.627799034119,0
1260,0.5 , 1.25044322014,0
1260,0.5 , 1.86106824875,0
Average time : 1260,0.5 , 0.620356082916
1270,0.5 , 0.626222133636,0
1270,0.5 , 1.2480931282,0
1270,0.5 , 1.86737203598,0
Average time : 1270,0.5 , 0.622457345327
1280,0.5 , 0.64234995842,0
1280,0.5 , 1.28803515434,0
1280,0.5 , 1.91937923431,0
Average time : 1280,0.5 , 0.639793078105
1290,0.5 , 0.638220071793,0
1290,0.5 , 1.27612400055,0
1290,0.5 , 1.91377186775,0
Average time : 1290,0.5 , 0.637923955917
1300,0.5 , 0.650645971298,0
1300,0.5 , 1.29638886452,0
1300,0.5 , 1.94933772087,0
Average time : 1300,0.5 , 0.64977924029
1310,0.5 , 0.661030054092,0
1310,0.5 , 1.32247209549,0
1310,0.5 , 1.98055100441,0
Average time : 1310,0.5 , 0.660183668137
1320,0.5 , 0.67013502121,0
1320,0.5 , 1.33477711678,0
1320,0.5 , 1.99947118759,0
Average time : 1320,0.5 , 0.666490395864
1330,0.5 , 0.675845861435,0
1330,0.5 , 1.3605659008,0
1330,0.5 , 2.056016922,0
Average time : 1330,0.5 , 0.685338973999
1340,0.5 , 0.688118934631,0
1340,0.5 , 1.37031888962,0
1340,0.5 , 2.07327103615,0
Average time : 1340,0.5 , 0.691090345383
1350,0.5 , 0.728058099747,0
1350,0.5 , 1.43423604965,0
1350,0.5 , 2.1317551136,0
Average time : 1350,0.5 , 0.710585037867
1360,0.5 , 0.71666097641,0
1360,0.5 , 1.4325158596,0
1360,0.5 , 2.13400888443,0
Average time : 1360,0.5 , 0.71133629481
1370,0.5 , 0.72377204895,0
1370,0.5 , 1.44504904747,0
1370,0.5 , 2.15703511238,0
Average time : 1370,0.5 , 0.719011704127
1380,0.5 , 0.731514930725,0
1380,0.5 , 1.4770758152,0
1380,0.5 , 2.2061727047,0
Average time : 1380,0.5 , 0.735390901566
1390,0.5 , 0.745828151703,0
1390,0.5 , 1.48619604111,0
1390,0.5 , 2.23073387146,0
Average time : 1390,0.5 , 0.743577957153
1400,0.5 , 0.752593994141,0
1400,0.5 , 1.50413799286,0
1400,0.5 , 2.26808810234,0
Average time : 1400,0.5 , 0.756029367447
1410,0.5 , 0.765105009079,0
1410,0.5 , 1.52085399628,0
1410,0.5 , 2.27639603615,0
Average time : 1410,0.5 , 0.758798678716
1420,0.5 , 0.782587051392,0
1420,0.5 , 1.55671811104,0
1420,0.5 , 2.32650017738,0
Average time : 1420,0.5 , 0.775500059128
1430,0.5 , 0.790128946304,0
1430,0.5 , 1.59369397163,0
1430,0.5 , 2.38288593292,0
Average time : 1430,0.5 , 0.794295310974
1440,0.5 , 0.807327985764,0
1440,0.5 , 1.60721707344,0
1440,0.5 , 2.39756822586,0
Average time : 1440,0.5 , 0.79918940862
1450,0.5 , 0.812722921371,0
1450,0.5 , 1.62090301514,0
1450,0.5 , 2.43013310432,0
Average time : 1450,0.5 , 0.810044368108
1460,0.5 , 0.821709871292,0
1460,0.5 , 1.64549088478,0
1460,0.5 , 2.47774267197,0
Average time : 1460,0.5 , 0.825914223989
1470,0.5 , 0.834717988968,0
1470,0.5 , 1.69345092773,0
1470,0.5 , 2.52922677994,0
Average time : 1470,0.5 , 0.843075593313
1480,0.5 , 0.84371805191,0
1480,0.5 , 1.68227791786,0
1480,0.5 , 2.52956795692,0
Average time : 1480,0.5 , 0.843189318975
1490,0.5 , 0.850265026093,0
1490,0.5 , 1.74429488182,0
1490,0.5 , 2.60296177864,0
Average time : 1490,0.5 , 0.867653926214
1500,0.5 , 0.864172935486,0
1500,0.5 , 1.73283791542,0
1500,0.5 , 2.61142301559,0
Average time : 1500,0.5 , 0.870474338531
1510,0.5 , 0.900290966034,0
1510,0.5 , 1.83929991722,0
1510,0.5 , 2.72600698471,0
Average time : 1510,0.5 , 0.908668994904
1520,0.5 , 0.900572061539,0
1520,0.5 , 1.80142426491,0
1520,0.5 , 2.70278835297,0
Average time : 1520,0.5 , 0.900929450989
1530,0.5 , 0.918393850327,0
1530,0.5 , 1.84978985786,0
1530,0.5 , 2.76292777061,0
Average time : 1530,0.5 , 0.920975923538
1540,0.5 , 0.923281908035,0
1540,0.5 , 1.83878993988,0
1540,0.5 , 2.76028084755,0
Average time : 1540,0.5 , 0.92009361585
1550,0.5 , 0.934728860855,0
1550,0.5 , 1.88518381119,0
1550,0.5 , 2.81612968445,0
Average time : 1550,0.5 , 0.938709894816
1560,0.5 , 0.952709913254,0
1560,0.5 , 1.89556980133,0
1560,0.5 , 2.84077167511,0
Average time : 1560,0.5 , 0.946923891703
1570,0.5 , 0.951918840408,0
1570,0.5 , 1.92542791367,0
1570,0.5 , 2.87410092354,0
Average time : 1570,0.5 , 0.958033641179
1580,0.5 , 0.97981095314,0
1580,0.5 , 1.94371795654,0
1580,0.5 , 2.9509100914,0
Average time : 1580,0.5 , 0.983636697133
1590,0.5 , 1.02467083931,0
1590,0.5 , 2.02468490601,0
1590,0.5 , 3.00825381279,0
Average time : 1590,0.5 , 1.00275127093
1600,0.5 , 0.983807086945,0
1600,0.5 , 1.97919821739,0
1600,0.5 , 2.97557616234,0
Average time : 1600,0.5 , 0.991858720779
1610,0.5 , 0.996399879456,0
1610,0.5 , 2.01845479012,0
1610,0.5 , 3.04555082321,0
Average time : 1610,0.5 , 1.01518360774
1620,0.5 , 1.03482604027,0
1620,0.5 , 2.06476902962,0
1620,0.5 , 3.08708906174,0
Average time : 1620,0.5 , 1.02902968725
1630,0.5 , 1.04326701164,0
1630,0.5 , 2.08514404297,0
1630,0.5 , 3.11801409721,0
Average time : 1630,0.5 , 1.0393380324
1640,0.5 , 1.040817976,0
1640,0.5 , 2.09085392952,0
1640,0.5 , 3.14014482498,0
Average time : 1640,0.5 , 1.04671494166
1650,0.5 , 1.05083918571,0
1650,0.5 , 2.11948513985,0
1650,0.5 , 3.17725324631,0
Average time : 1650,0.5 , 1.05908441544
1660,0.5 , 1.06474614143,0
1660,0.5 , 2.1506960392,0
1660,0.5 , 3.22406792641,0
Average time : 1660,0.5 , 1.0746893088
1670,0.5 , 1.09721088409,0
1670,0.5 , 2.21342897415,0
1670,0.5 , 3.30872797966,0
Average time : 1670,0.5 , 1.10290932655
1680,0.5 , 1.09338903427,0
1680,0.5 , 2.18448019028,0
1680,0.5 , 3.30280208588,0
Average time : 1680,0.5 , 1.10093402863
1690,0.5 , 1.11183714867,0
1690,0.5 , 2.23342227936,0
1690,0.5 , 3.34876441956,0
Average time : 1690,0.5 , 1.11625480652
1700,0.5 , 1.13066196442,0
1700,0.5 , 2.24600505829,0
1700,0.5 , 3.37010097504,0
Average time : 1700,0.5 , 1.12336699168
1710,0.5 , 1.15655708313,0
1710,0.5 , 2.34283590317,0
1710,0.5 , 3.47447681427,0
Average time : 1710,0.5 , 1.15815893809
1720,0.5 , 1.14019703865,0
1720,0.5 , 2.28300499916,0
1720,0.5 , 3.43260002136,0
Average time : 1720,0.5 , 1.14420000712
1730,0.5 , 1.15296697617,0
1730,0.5 , 2.32606315613,0
1730,0.5 , 3.48734331131,0
Average time : 1730,0.5 , 1.16244777044
1740,0.5 , 1.18269586563,0
1740,0.5 , 2.3629128933,0
1740,0.5 , 3.52412891388,0
Average time : 1740,0.5 , 1.17470963796
1750,0.5 , 1.17997097969,0
1750,0.5 , 2.37671995163,0
1750,0.5 , 3.57166385651,0
Average time : 1750,0.5 , 1.19055461884
1760,0.5 , 1.21270298958,0
1760,0.5 , 2.415776968,0
1760,0.5 , 3.60511112213,0
Average time : 1760,0.5 , 1.20170370738
1770,0.5 , 1.20616602898,0
1770,0.5 , 2.44756293297,0
1770,0.5 , 3.65313792229,0
Average time : 1770,0.5 , 1.21771264076
1780,0.5 , 1.21598696709,0
1780,0.5 , 2.42908596992,0
1780,0.5 , 3.65162682533,0
Average time : 1780,0.5 , 1.21720894178
1790,0.5 , 1.2478659153,0
1790,0.5 , 2.50883293152,0
1790,0.5 , 3.75345802307,0
Average time : 1790,0.5 , 1.25115267436
1800,0.5 , 1.25330400467,0
1800,0.5 , 2.50032687187,0
1800,0.5 , 3.7539536953,0
Average time : 1800,0.5 , 1.25131789843
1810,0.5 , 1.27213096619,0
1810,0.5 , 2.6178560257,0
1810,0.5 , 3.90780591965,0
Average time : 1810,0.5 , 1.30260197322
1820,0.5 , 1.28845095634,0
1820,0.5 , 2.56988883018,0
1820,0.5 , 3.84458780289,0
Average time : 1820,0.5 , 1.28152926763
1830,0.5 , 1.32529306412,0
1830,0.5 , 2.67667007446,0
1830,0.5 , 4.00090312958,0
Average time : 1830,0.5 , 1.33363437653
1840,0.5 , 1.31805706024,0
1840,0.5 , 2.62438797951,0
1840,0.5 , 3.99960589409,0
Average time : 1840,0.5 , 1.3332019647
1850,0.5 , 1.4028198719,0
1850,0.5 , 2.80299377441,0
1850,0.5 , 4.22388076782,0
Average time : 1850,0.5 , 1.40796025594
1860,0.5 , 1.52352309227,0
1860,0.5 , 3.05905222893,0
1860,0.5 , 4.55708312988,0
Average time : 1860,0.5 , 1.51902770996
1870,0.5 , 1.56536483765,0
1870,0.5 , 2.97887778282,0
1870,0.5 , 4.3453848362,0
Average time : 1870,0.5 , 1.44846161207
1880,0.5 , 1.36601495743,0
1880,0.5 , 2.73466014862,0
1880,0.5 , 4.11841011047,0
Average time : 1880,0.5 , 1.37280337016
1890,0.5 , 1.40041995049,0
1890,0.5 , 2.85641217232,0
1890,0.5 , 4.25979733467,0
Average time : 1890,0.5 , 1.41993244489
1900,0.5 , 1.3908188343,0
1900,0.5 , 2.78921771049,0
1900,0.5 , 4.16875267029,0
Average time : 1900,0.5 , 1.38958422343
1910,0.5 , 1.39957404137,0
1910,0.5 , 2.82057309151,0
1910,0.5 , 4.21752214432,0
Average time : 1910,0.5 , 1.40584071477
1920,0.5 , 1.41648507118,0
1920,0.5 , 2.84374594688,0
1920,0.5 , 4.27175593376,0
Average time : 1920,0.5 , 1.42391864459
1930,0.5 , 1.43335080147,0
1930,0.5 , 2.90765786171,0
1930,0.5 , 4.35006594658,0
Average time : 1930,0.5 , 1.45002198219
1940,0.5 , 1.47942495346,0
1940,0.5 , 2.95025515556,0
1940,0.5 , 4.39379024506,0
Average time : 1940,0.5 , 1.46459674835
1950,0.5 , 1.50046491623,0
1950,0.5 , 3.05862689018,0
1950,0.5 , 4.55371189117,0
Average time : 1950,0.5 , 1.51790396372
1960,0.5 , 1.49181389809,0
1960,0.5 , 2.99031877518,0
1960,0.5 , 4.5073466301,0
Average time : 1960,0.5 , 1.5024488767
1970,0.5 , 1.49968695641,0
1970,0.5 , 3.0327808857,0
1970,0.5 , 4.57313585281,0
Average time : 1970,0.5 , 1.5243786176
1980,0.5 , 1.51767587662,0
1980,0.5 , 3.03157997131,0
1980,0.5 , 4.5967168808,0
Average time : 1980,0.5 , 1.53223896027
1990,0.5 , 1.52825403214,0
1990,0.5 , 3.09563302994,0
1990,0.5 , 4.61743402481,0
Average time : 1990,0.5 , 1.53914467494
2000,0.5 , 1.56343817711,0
2000,0.5 , 3.16958737373,0
2000,0.5 , 4.71774148941,0
Average time : 2000,0.5 , 1.57258049647
2010,0.5 , 1.5595331192,0
2010,0.5 , 3.15444421768,0
2010,0.5 , 4.70242238045,0
Average time : 2010,0.5 , 1.56747412682
2020,0.5 , 1.59496998787,0
2020,0.5 , 3.1626470089,0
2020,0.5 , 4.74892902374,0
Average time : 2020,0.5 , 1.58297634125
2030,0.5 , 1.57320213318,0
2030,0.5 , 3.17888522148,0
2030,0.5 , 4.75297617912,0
Average time : 2030,0.5 , 1.58432539304
2040,0.5 , 1.59814190865,0
2040,0.5 , 3.20156788826,0
2040,0.5 , 4.81289482117,0
Average time : 2040,0.5 , 1.60429827372
2050,0.5 , 1.64176797867,0
2050,0.5 , 3.32003998756,0
2050,0.5 , 4.94642877579,0
Average time : 2050,0.5 , 1.64880959193
2060,0.5 , 1.63492703438,0
2060,0.5 , 3.2688832283,0
2060,0.5 , 4.90827035904,0
Average time : 2060,0.5 , 1.63609011968
2070,0.5 , 1.64772605896,0
2070,0.5 , 3.32620096207,0
2070,0.5 , 4.98349404335,0
Average time : 2070,0.5 , 1.66116468112
2080,0.5 , 1.68769598007,0
2080,0.5 , 3.36370396614,0
2080,0.5 , 5.09221696854,0
Average time : 2080,0.5 , 1.69740565618
2090,0.5 , 1.67873597145,0
2090,0.5 , 3.39003801346,0
2090,0.5 , 5.07076692581,0
Average time : 2090,0.5 , 1.69025564194
2100,0.5 , 1.71017193794,0
2100,0.5 , 3.41108107567,0
2100,0.5 , 5.11388993263,0
Average time : 2100,0.5 , 1.70462997754
2110,0.5 , 1.72773599625,0
2110,0.5 , 3.4837808609,0
2110,0.5 , 5.20729374886,0
Average time : 2110,0.5 , 1.73576458295
2120,0.5 , 1.7386341095,0
2120,0.5 , 3.51934504509,0
2120,0.5 , 5.26783704758,0
Average time : 2120,0.5 , 1.75594568253
2130,0.5 , 1.7495970726,0
2130,0.5 , 3.53716826439,0
2130,0.5 , 5.30079436302,0
Average time : 2130,0.5 , 1.76693145434
2140,0.5 , 1.78244805336,0
2140,0.5 , 3.69914007187,0
2140,0.5 , 5.58762001991,0
Average time : 2140,0.5 , 1.86254000664
2150,0.5 , 1.89435696602,0
2150,0.5 , 3.62593388557,0
2150,0.5 , 5.40639901161,0
Average time : 2150,0.5 , 1.80213300387
2160,0.5 , 1.78419399261,0
2160,0.5 , 3.54951691628,0
2160,0.5 , 5.26368308067,0
Average time : 2160,0.5 , 1.75456102689
2170,0.5 , 1.74026989937,0
2170,0.5 , 3.51600980759,0
2170,0.5 , 5.25341773033,0
Average time : 2170,0.5 , 1.75113924344
2180,0.5 , 1.77846288681,0
2180,0.5 , 3.73261904716,0
2180,0.5 , 5.70614504814,0
Average time : 2180,0.5 , 1.90204834938
2190,0.5 , 1.85613417625,0
2190,0.5 , 3.70050096512,0
2190,0.5 , 5.55353784561,0
Average time : 2190,0.5 , 1.85117928187
2200,0.5 , 1.91412091255,0
2200,0.5 , 3.79797887802,0
2200,0.5 , 5.67599582672,0
Average time : 2200,0.5 , 1.89199860891
2210,0.5 , 1.88123011589,0
2210,0.5 , 3.79432010651,0
2210,0.5 , 5.675604105,0
Average time : 2210,0.5 , 1.891868035
2220,0.5 , 1.88592815399,0
2220,0.5 , 3.77497315407,0
2220,0.5 , 5.69309329987,0
Average time : 2220,0.5 , 1.89769776662
2230,0.5 , 1.92476391792,0
2230,0.5 , 3.84045481682,0
2230,0.5 , 5.7939388752,0
Average time : 2230,0.5 , 1.9313129584
2240,0.5 , 1.98318004608,0
2240,0.5 , 3.91107797623,0
2240,0.5 , 5.87266492844,0
Average time : 2240,0.5 , 1.95755497615
2250,0.5 , 1.99564504623,0
2250,0.5 , 4.09670424461,0
2250,0.5 , 6.16463732719,0
Average time : 2250,0.5 , 2.05487910906
2260,0.5 , 2.05290102959,0
2260,0.5 , 4.20195794106,0
2260,0.5 , 6.31951975822,0
Average time : 2260,0.5 , 2.10650658607
2270,0.5 , 2.01307201385,0
2270,0.5 , 3.9994699955,0
2270,0.5 , 5.98149394989,0
Average time : 2270,0.5 , 1.99383131663
2280,0.5 , 2.04369497299,0
2280,0.5 , 4.05450201035,0
2280,0.5 , 6.05133295059,0
Average time : 2280,0.5 , 2.01711098353
2290,0.5 , 2.01153612137,0
2290,0.5 , 4.07147908211,0
2290,0.5 , 6.10640001297,0
Average time : 2290,0.5 , 2.03546667099
2300,0.5 , 2.04623985291,0
2300,0.5 , 4.19919872284,0
2300,0.5 , 6.38897681236,0
Average time : 2300,0.5 , 2.12965893745
2310,0.5 , 2.1498439312,0
2310,0.5 , 4.34734678268,0
2310,0.5 , 6.45271277428,0
Average time : 2310,0.5 , 2.15090425809
2320,0.5 , 2.06433200836,0
2320,0.5 , 4.16224598885,0
2320,0.5 , 6.23480200768,0
Average time : 2320,0.5 , 2.07826733589
2330,0.5 , 2.10144996643,0
2330,0.5 , 4.25978302956,0
2330,0.5 , 6.51993608475,0
Average time : 2330,0.5 , 2.17331202825
2340,0.5 , 2.12471389771,0
2340,0.5 , 4.24357581139,0
2340,0.5 , 6.34135270119,0
Average time : 2340,0.5 , 2.11378423373
2350,0.5 , 2.14966011047,0
2350,0.5 , 4.28598618507,0
2350,0.5 , 6.43157601357,0
Average time : 2350,0.5 , 2.14385867119
2360,0.5 , 2.17764616013,0
2360,0.5 , 4.34260106087,0
2360,0.5 , 6.54714989662,0
Average time : 2360,0.5 , 2.18238329887
2370,0.5 , 2.31796097755,0
2370,0.5 , 4.55757689476,0
2370,0.5 , 6.93929982185,0
Average time : 2370,0.5 , 2.31309994062
2380,0.5 , 2.2105050087,0
2380,0.5 , 4.35164904594,0
2380,0.5 , 6.41023802757,0
Average time : 2380,0.5 , 2.13674600919
2390,0.5 , 2.08101391792,0
2390,0.5 , 4.13255476952,0
2390,0.5 , 6.18593788147,0
Average time : 2390,0.5 , 2.06197929382
2400,0.5 , 2.07134199142,0
2400,0.5 , 4.14298319817,0
2400,0.5 , 6.19753026962,0
Average time : 2400,0.5 , 2.06584342321
2410,0.5 , 2.09251499176,0
2410,0.5 , 4.23712491989,0
2410,0.5 , 6.4158449173,0
Average time : 2410,0.5 , 2.13861497243
2420,0.5 , 2.18288588524,0
2420,0.5 , 4.40066981316,0
2420,0.5 , 6.57925081253,0
Average time : 2420,0.5 , 2.19308360418
2430,0.5 , 2.26823878288,0
2430,0.5 , 4.49019479752,0
2430,0.5 , 6.70393395424,0
Average time : 2430,0.5 , 2.23464465141
2440,0.5 , 2.1964199543,0
2440,0.5 , 4.44249486923,0
2440,0.5 , 6.6012878418,0
Average time : 2440,0.5 , 2.2004292806
2450,0.5 , 2.2256629467,0
2450,0.5 , 4.40894699097,0
2450,0.5 , 6.63520789146,0
Average time : 2450,0.5 , 2.21173596382
2460,0.5 , 2.23252797127,0
2460,0.5 , 4.42193889618,0
2460,0.5 , 6.70625090599,0
Average time : 2460,0.5 , 2.23541696866
2470,0.5 , 2.3738219738,0
2470,0.5 , 4.74503302574,0
2470,0.5 , 7.00293207169,0
Average time : 2470,0.5 , 2.33431069056
2480,0.5 , 2.31576299667,0
2480,0.5 , 4.68158507347,0
2480,0.5 , 7.0261721611,0
Average time : 2480,0.5 , 2.34205738703
2490,0.5 , 2.33472394943,0
2490,0.5 , 4.78990006447,0
2490,0.5 , 7.15251708031,0
Average time : 2490,0.5 , 2.3841723601
2500,0.5 , 2.42089295387,0
2500,0.5 , 4.84950208664,0
2500,0.5 , 7.28423023224,0
Average time : 2500,0.5 , 2.42807674408
2510,0.5 , 2.3579249382,0
2510,0.5 , 4.65833997726,0
2510,0.5 , 6.94402599335,0
Average time : 2510,0.5 , 2.31467533112
2520,0.5 , 2.33882713318,0
2520,0.5 , 4.70283818245,0
2520,0.5 , 7.0289940834,0
Average time : 2520,0.5 , 2.3429980278
2530,0.5 , 2.33352518082,0
2530,0.5 , 4.65114116669,0
2530,0.5 , 7.02793717384,0
Average time : 2530,0.5 , 2.34264572461
2540,0.5 , 2.41619515419,0
2540,0.5 , 4.73286914825,0
2540,0.5 , 7.13382720947,0
Average time : 2540,0.5 , 2.37794240316
2550,0.5 , 2.38138079643,0
2550,0.5 , 4.71744990349,0
2550,0.5 , 7.13628387451,0
Average time : 2550,0.5 , 2.3787612915
2560,0.5 , 2.4133310318,0
2560,0.5 , 4.86057305336,0
2560,0.5 , 7.29132294655,0
Average time : 2560,0.5 , 2.43044098218
2570,0.5 , 2.42893099785,0
2570,0.5 , 4.86614894867,0
2570,0.5 , 7.28886795044,0
Average time : 2570,0.5 , 2.42962265015
2580,0.5 , 2.35887002945,0
2580,0.5 , 4.72465491295,0
2580,0.5 , 7.27341890335,0
Average time : 2580,0.5 , 2.42447296778
2590,0.5 , 2.48274111748,0
2590,0.5 , 4.89349722862,0
2590,0.5 , 7.42443323135,0
Average time : 2590,0.5 , 2.47481107712
2600,0.5 , 2.49188899994,0
2600,0.5 , 5.08083581924,0
2600,0.5 , 7.64921879768,0
Average time : 2600,0.5 , 2.54973959923
2610,0.5 , 2.5786690712,0
2610,0.5 , 5.14655995369,0
2610,0.5 , 7.68579792976,0
Average time : 2610,0.5 , 2.56193264325
2620,0.5 , 2.69705915451,0
2620,0.5 , 5.23804616928,0
2620,0.5 , 7.73148608208,0
Average time : 2620,0.5 , 2.57716202736
2630,0.5 , 2.62540006638,0
2630,0.5 , 5.12497210503,0
2630,0.5 , 7.56271791458,0
Average time : 2630,0.5 , 2.52090597153
2640,0.5 , 2.49591398239,0
2640,0.5 , 5.09675502777,0
2640,0.5 , 7.61897087097,0
Average time : 2640,0.5 , 2.53965695699
2650,0.5 , 2.52907991409,0
2650,0.5 , 5.11670303345,0
2650,0.5 , 7.71382403374,0
Average time : 2650,0.5 , 2.57127467791
2660,0.5 , 2.59906983376,0
2660,0.5 , 5.23695683479,0
2660,0.5 , 7.89397788048,0
Average time : 2660,0.5 , 2.63132596016
2670,0.5 , 2.66638898849,0
2670,0.5 , 5.24599289894,0
2670,0.5 , 7.80334210396,0
Average time : 2670,0.5 , 2.60111403465
2680,0.5 , 2.62984585762,0
2680,0.5 , 5.30784487724,0
2680,0.5 , 7.90760993958,0
Average time : 2680,0.5 , 2.63586997986
2690,0.5 , 2.64895796776,0
2690,0.5 , 5.35484480858,0
2690,0.5 , 7.99484276772,0
Average time : 2690,0.5 , 2.66494758924
2700,0.5 , 2.7572479248,0
2700,0.5 , 5.46640586853,0
2700,0.5 , 8.17597270012,0
Average time : 2700,0.5 , 2.72532423337
2710,0.5 , 2.73051095009,0
2710,0.5 , 5.38651776314,0
2710,0.5 , 8.01407265663,0
Average time : 2710,0.5 , 2.67135755221
